{
  "labels": [
    "12-10",
    "12-11",
    "12-12",
    "12-13",
    "12-14",
    "12-15",
    "12-16",
    "12-17",
    "12-18",
    "12-19",
    "12-20",
    "12-21",
    "12-22",
    "12-23",
    "12-24",
    "12-25",
    "12-26",
    "12-27",
    "12-28",
    "12-29",
    "12-30",
    "12-31",
    "01-01",
    "01-02",
    "01-03",
    "01-04",
    "01-05",
    "01-06",
    "01-07",
    "01-08"
  ],
  "farmed": [
    7881.7306292710155,
    3202.8917282959974,
    5349.063920841009,
    939.8011241359977,
    4466.583667033988,
    13895.90300472299,
    36850.08786876301,
    21418.419487307987,
    15051.222913697999,
    12954.439673738007,
    4039.0439422450045,
    6486.050833745994,
    12901.35884981699,
    9529.637186465005,
    5605.725418768999,
    7530.284244554996,
    6686.036439020996,
    1978.444175290999,
    9295.29691666199,
    2443058745122.231,
    6869.604508021,
    10283.179405849998,
    3415.075052899003,
    10399.356988705993,
    2666.8478282779997,
    5525.23976557,
    6405.91193784199,
    6503.889681728999,
    11301.676339478003,
    10434.407619995
  ],
  "organic": [
    1196231.9482086608,
    1833943.1427385851,
    2068523.6548085483,
    1233857.3760068605,
    1290002.344964145,
    2770521.71542039,
    4153617.738184642,
    2481938.993616159,
    1341508.070115021,
    1416124.8549289333,
    943223.3019349417,
    1367154.4995821402,
    931156.2470726023,
    1088090.9693470814,
    802220.1119265559,
    1568486.475395237,
    1691924.8585913305,
    3057363.6461459314,
    3030050.8935885457,
    121853995279947.22,
    2203753.771727258,
    2102488.8954233374,
    3270428.9341415977,
    3894090.017335251,
    4709704.156088484,
    4196285.686836216,
    3765643.8388477033,
    3847360.6866335827,
    5430816.856814655,
    3181147.799561957
  ],
  "total": [
    1204113.6788379326,
    1837146.0344668857,
    2073872.7187293912,
    1234797.1771309958,
    1294468.928631179,
    2784417.6184251113,
    4190467.826053406,
    2503357.4131034645,
    1356559.2930287195,
    1429079.2946026737,
    947262.3458771873,
    1373640.5504158863,
    944057.6059224183,
    1097620.606533547,
    807825.8373453249,
    1576016.7596397921,
    1698610.895030352,
    3059342.0903212223,
    3039346.1905052024,
    124297054025069.3,
    2210623.3762352746,
    2112772.0748291807,
    3273844.0091944947,
    3904489.3743239595,
    4712371.003916759,
    4201810.926601782,
    3772049.7507855385,
    3853864.576315314,
    5442118.533154131,
    3191582.207181951
  ]
}