{
  "labels": [
    "11-26",
    "12-02",
    "12-03",
    "12-04",
    "12-07",
    "12-08",
    "12-10",
    "12-11",
    "12-13",
    "12-14",
    "12-15",
    "12-16",
    "12-17",
    "12-18",
    "12-19",
    "12-20",
    "12-22",
    "12-23",
    "12-24",
    "12-26",
    "12-27",
    "12-30",
    "12-31",
    "01-02",
    "01-03",
    "01-06",
    "01-07"
  ],
  "farmed": [
    0,
    0,
    118205.52410324498,
    482.43153813599986,
    1213.5171930489996,
    49.73053657900001,
    989.4836615079998,
    1604.4310617799993,
    0,
    4068.0428932139926,
    10625.54286542899,
    20062.658187025972,
    19705.5515919,
    12109.530220532006,
    5481.182173127003,
    7960.011838296002,
    9579.341180475982,
    9823.569470306998,
    9017.614032153999,
    42.85658208699998,
    59.17182727999999,
    252.41421601299996,
    2600.762475536,
    6394.782690990004,
    143.99350972800005,
    1385.474660672999,
    6982.562258894008
  ],
  "organic": [
    0.005000002,
    8251.98082497903,
    6240.330279937026,
    5901.366158180991,
    149703.18602689335,
    123279.53979950046,
    287824.2502953493,
    449496.031588316,
    4.4158e-05,
    1155675.1429818934,
    1303953.8806541685,
    1703046.301964852,
    636040.4136350555,
    258597.20029029838,
    259398.62051279112,
    344906.8086018017,
    419245.94685091294,
    419662.085722557,
    330926.49805973005,
    148365.376657501,
    285885.455068857,
    184643.70298755876,
    200512.2598718967,
    262370.1748843024,
    530370.8114867327,
    488378.5121519826,
    1380068.7542261616
  ],
  "total": [
    0.005000002,
    8251.98082497903,
    124445.85438318139,
    6383.797696316997,
    150916.7032199423,
    123329.27033607945,
    288813.7339568572,
    451100.4626500959,
    4.4158e-05,
    1159743.185875107,
    1314579.4235195997,
    1723108.9601518796,
    655745.9652269558,
    270706.73051082954,
    264879.80268591817,
    352866.8204400974,
    428825.28803138994,
    429485.6551928645,
    339944.1120918842,
    148408.233239588,
    285944.626896137,
    184896.11720357175,
    203113.02234743253,
    268764.9575752925,
    530514.8049964607,
    489763.98681265576,
    1387051.3164850576
  ]
}